snr_low,snr_high,snr_mid,n0,n1,thr_fft,fpr_fft,tpr_fft,acc_fft,tn_fft,fp_fft,fn_fft,tp_fft
5,10,7.5,1000,1000,0.5269282042980195,0.037,0.048,0.5055,963,37,952,48
10,15,12.5,1000,1000,0.5269282042980195,0.03,0.053,0.5115,970,30,947,53
15,20,17.5,1000,1000,0.5269282042980195,0.039,0.034,0.4975,961,39,966,34
20,25,22.5,1000,1000,0.5269282042980195,0.043,0.039,0.498,957,43,961,39
25,30,27.5,1000,1000,0.5269282042980195,0.04,0.044,0.502,960,40,956,44
30,35,32.5,1000,1000,0.5269282042980195,0.039,0.039,0.5,961,39,961,39
35,40,37.5,1000,1000,0.5269282042980195,0.034,0.049,0.5075,966,34,951,49
40,45,42.5,1000,1000,0.5269282042980195,0.04,0.053,0.5065,960,40,947,53
45,50,47.5,1000,1000,0.5269282042980195,0.048,0.038,0.495,952,48,962,38
